data,RO,AC,AM,RR,PA,AP,TO,MA,PI,CE,RN,PB,PE,AL,SE,BA,MG,ES,RJ,SP,PR,SC,RS,MS,MT,GO,DF
2007-01,0.332462724,0.868140963,0.206284669,0.474496974,1.184225046,3.191783074,0.928755908,0.125645149,0.890210074,0.327569322,3.187209346,1.962876697,5.868160925,5.354696354,0.099025637,3.108483194,3.903429552,1.749254918,0.087443004,1.048713491,0.533395869,0.408580651,0.064137052,0.254183651,0.999436318,0.506218045,0.268519708
2007-02,0.265970179,0.868140963,0.324161622,0.000000000,1.264967663,2.553426459,0.928755908,0.141350792,0.445105037,0.503052888,2.868488412,2.148554222,5.016880327,5.513119323,0.544641005,2.445795568,3.114757085,1.376462886,0.143656363,0.763579408,0.570827158,0.245148391,0.100786797,0.381275477,0.966121774,0.674957393,0.268519708
2007-03,0.465447814,0.434070481,0.383100099,0.237248487,1.870537288,1.915069844,1.702719165,0.157056436,0.413311820,0.561547409,4.270860524,2.042452779,5.981665005,5.639857698,1.584410196,3.764338989,3.723732028,1.577197057,0.143656363,1.007634852,0.636331913,0.359550973,0.082461925,0.169455767,0.699605423,1.063057894,0.230159750
2007-04,0.531940359,0.289380321,0.353630861,0.474496974,1.655223644,2.074658998,1.547926514,0.157056436,0.731243989,0.655138644,3.442186094,1.962876697,6.027066637,7.287456576,1.287333284,3.231456156,3.314421001,1.462491816,0.137410434,0.833654733,0.495964580,0.261491617,0.045812180,0.423639418,1.066065406,1.079931829,0.613759333
2007-05,0.265970179,1.302211444,0.294692384,0.474496974,2.032022522,2.872604766,2.244493445,0.282701584,0.826623640,0.561547409,3.952139590,2.281181026,4.903376247,8.174625203,1.633923014,3.292942636,2.965009148,1.806607538,0.149902292,0.645176272,0.421102001,0.147089034,0.027487308,0.211819709,1.066065406,0.590587719,0.421959542
2007-06,0.664925449,0.723450802,0.235753907,0.000000000,1.655223644,2.234248152,2.399286096,0.235584654,0.667657555,0.631740836,5.195151235,2.281181026,7.059953763,8.364732766,0.643666642,2.910360089,2.989967138,1.720578608,0.068705217,0.698336864,0.355597246,0.081716130,0.018324872,0.127091826,0.766234510,0.674957393,0.115079875
2007-07,0.664925449,0.578760642,0.500977053,1.423490922,2.005108316,2.234248152,1.315737537,0.266995941,1.208142243,0.561547409,3.760907029,2.652536076,7.718277426,9.030109236,1.089282010,2.971846570,3.189631054,2.064694329,0.068705217,0.584766509,0.224587734,0.098059356,0.000000000,0.084727884,0.999436318,0.809948872,0.268519708
2007-08,0.265970179,0.434070481,0.324161622,0.948993948,1.184225046,0.638356615,0.928755908,0.235584654,0.572277905,0.795525497,3.920267496,3.103467209,8.240396193,9.853908675,0.990256372,2.842041777,3.519076514,1.863960158,0.099934861,0.753913846,0.290092490,0.098059356,0.009162436,0.169455767,0.899492686,0.539965915,0.230159750
2007-09,0.598432904,0.578760642,0.294692384,1.660739409,1.520652616,1.436302383,1.006152234,0.251290297,0.890210074,1.029503584,4.238988431,3.236094013,8.115541705,7.952833046,1.138794828,3.231456156,3.603933679,1.691902298,0.131164505,0.886815325,0.589542802,0.065372904,0.027487308,0.550731244,1.066065406,0.691831328,0.306879667
2007-10,0.465447814,1.157521284,0.206284669,0.948993948,1.224596354,1.436302383,1.006152234,0.157056436,0.731243989,0.924213445,4.111500057,2.838213602,7.014552131,9.220216799,1.485384559,3.976125756,3.698774039,2.122046949,0.149902292,1.068044615,0.935782226,0.375894199,0.027487308,0.550731244,1.099379950,0.860570676,0.690479250
2007-11,0.531940359,0.723450802,0.353630861,0.711745461,1.264967663,1.276713229,1.780115491,0.157056436,0.604071121,0.655138644,0.701186056,1.989402057,6.174621941,7.921148452,1.089282010,3.941966600,4.158001045,1.978665399,0.156148221,1.258939467,1.057433915,0.441267103,0.045812180,0.932006721,1.465839933,0.539965915,0.997358917
2007-12,0.265970179,1.446901605,0.265223145,0.474496974,0.968911401,1.755480691,1.702719165,0.062822574,0.763037206,0.655138644,0.541825589,1.909825975,6.447031732,10.392546770,1.039769191,4.310885485,3.753681615,2.666896842,0.149902292,1.005218461,0.636331913,0.522983234,0.146598977,0.974370662,1.199323582,0.725579198,0.460319500
2008-01,0.265970179,1.302211444,0.383100099,2.135236383,1.480281307,2.074658998,1.780115491,0.251290297,0.604071121,0.737030975,5.450127982,2.440333190,6.344878060,10.582654330,1.435871740,4.092266886,3.534051308,2.466162671,0.156148221,1.070461006,0.729910136,0.686415494,0.128274105,1.736921616,1.499154477,0.843696742,0.268519708
2008-02,0.531940359,1.302211444,0.383100099,0.948993948,1.655223644,2.553426459,1.625322839,0.204173366,0.826623640,0.421160557,4.621453552,2.228130304,5.277939710,11.311399990,1.287333284,3.655029690,3.494118525,2.437486361,0.143656363,1.082542958,0.608258447,0.375894199,0.064137052,1.228554314,1.599098109,0.995562155,0.383599583
2008-03,0.199477635,0.868140963,0.324161622,0.000000000,1.897451494,2.553426459,1.393133862,0.172762079,0.699450772,0.386063844,4.876430300,2.519909273,4.755820943,12.103514840,0.940743554,3.737011664,3.603933679,1.863960158,0.112426719,1.055962662,0.486606757,0.392237425,0.054974616,1.355646139,1.132694494,0.793074937,0.498679458
2008-04,0.531940359,0.434070481,0.324161622,0.000000000,1.776337569,3.191783074,1.393133862,0.094233861,0.953796508,0.280773705,3.155337253,2.068978140,5.062281959,10.867815680,0.940743554,3.463738416,3.658841255,2.752925772,0.137410434,0.976221775,0.589542802,0.114402582,0.027487308,1.016734604,1.166009038,0.944940351,0.652119292
2008-05,0.132985090,1.012831123,0.471507814,0.474496974,1.843623083,2.713015613,2.244493445,0.235584654,1.080969375,0.128687948,3.474058188,2.652536076,4.665017679,9.917277862,1.336846103,3.661861521,3.593950483,2.064694329,0.093688932,0.913395621,0.336881601,0.196118713,0.018324872,0.381275477,1.399210845,0.759327067,0.537039417
2008-06,0.465447814,0.578760642,0.383100099,0.237248487,2.112765139,2.393837305,1.625322839,0.266995941,1.176349026,0.245676992,3.410314001,2.334231747,5.346042158,7.699356296,1.039769191,2.958182908,3.648858060,2.666896842,0.056213359,0.860235029,0.159082978,0.016343226,0.009162436,0.508367302,0.899492686,0.809948872,0.345239625
2008-07,0.465447814,0.434070481,0.648323245,0.474496974,2.206964858,2.713015613,1.006152234,0.125645149,1.621454063,0.163784661,4.366476805,3.342195456,5.936263373,8.269678984,1.039769191,2.842041777,3.349362186,2.408810051,0.149902292,0.836071124,0.327523779,0.130745808,0.000000000,0.466003360,0.999436318,0.590587719,0.728839208
2008-08,0.598432904,1.012831123,0.589384768,0.237248487,2.018565419,1.276713229,1.393133862,0.266995941,1.653247280,0.315870418,4.143372150,3.183043292,6.469732548,6.970610638,0.792205098,2.288663451,4.432538929,3.011012563,0.193623794,0.727333550,0.514680224,0.049029678,0.009162436,0.804914895,1.232638125,0.658083458,0.613759333
2008-09,0.332462724,1.012831123,0.766200198,0.711745461,1.561023924,1.117124076,2.012304468,0.172762079,1.271728677,0.631740836,5.195151235,3.554398342,6.651339076,8.428101953,1.485384559,3.907807444,4.382622950,2.982336253,0.143656363,1.213028047,0.589542802,0.147089034,0.000000000,0.593095186,0.766234510,0.978688220,0.843919084
2008-10,0.132985090,1.591591765,0.500977053,1.897987896,1.264967663,0.159589154,2.399286096,0.094233861,0.731243989,0.748729879,3.888395403,2.095503500,4.767171351,7.414194952,1.336846103,3.409083767,5.026539078,2.294104810,0.149902292,1.734968402,1.160369960,0.261491617,0.054974616,1.313282197,1.066065406,0.624335589,0.575399375
2008-11,0.531940359,1.446901605,0.353630861,0.711745461,1.332253177,0.957534922,2.476682422,0.078528218,0.922003291,0.854020018,1.243011645,2.254655665,3.121362194,8.016202234,1.386358921,3.866816457,4.652169236,3.154394114,0.093688932,1.171949408,0.795414892,0.310521295,0.073299489,1.313282197,1.132694494,0.877444611,0.690479250
2008-12,0.332462724,0.723450802,0.500977053,0.711745461,1.116939532,1.276713229,2.631475073,0.157056436,0.826623640,0.491353983,0.541825589,1.856775254,3.643480961,9.663801112,1.633923014,4.720795356,5.051497068,3.928654487,0.187377865,1.234775562,0.673763202,0.555669686,0.164923849,1.143826430,1.232638125,1.164301503,0.383599583
2009-01,0.531940359,1.157521284,1.119831059,0.237248487,1.978194111,3.191783074,2.863664050,0.251290297,0.922003291,0.982707966,5.195151235,2.785162880,5.584400726,8.491471141,1.782461470,5.547446931,5.041513872,3.183070424,0.131164505,1.258939467,0.467891113,0.457610329,0.201573593,1.313282197,1.432525389,1.451158396,0.460319500
2009-02,0.332462724,1.736281926,1.208238774,0.237248487,2.099308036,2.393837305,2.476682422,0.204173366,1.430694761,1.017804680,5.003918674,2.811688241,4.245052584,9.537062737,1.980512745,4.488513096,4.747009596,2.953659943,0.156148221,1.174365798,0.542753691,0.441267103,0.146598977,1.440374023,1.798985372,1.113679699,0.997358917
2009-03,0.598432904,1.012831123,0.677792483,0.474496974,2.247336167,2.393837305,2.631475073,0.298407228,1.462487978,1.064600297,5.482000076,2.811688241,6.901048051,12.990683460,2.624179387,5.308332839,5.046505470,3.584538766,0.106180790,1.430503195,0.626974091,0.424923877,0.155761413,1.652193732,1.932243548,1.856132832,0.882279042
2009-04,0.465447814,0.578760642,0.736730960,1.660739409,1.964737008,3.670550535,2.321889771,0.219879010,1.208142243,1.134793723,5.513872169,1.458894842,3.938591569,10.107385430,2.030025563,4.222071679,4.677127226,3.355128285,0.112426719,1.087375739,0.364955068,0.130745808,0.082461925,1.440374023,0.632976335,1.164301503,0.690479250
2009-05,0.332462724,1.302211444,0.707261721,1.186242435,2.206964858,1.755480691,2.476682422,0.314112871,1.176349026,1.041202488,5.322639609,3.050416488,4.188300544,9.632116518,1.782461470,5.123873397,4.392606146,3.211746734,0.106180790,1.053546272,0.383670712,0.163432261,0.064137052,1.016734604,1.465839933,1.383662656,0.575399375
2009-06,0.199477635,0.289380321,0.795669436,0.948993948,1.897451494,1.915069844,4.256797913,0.439758020,1.875799798,0.643439740,5.673232637,3.023891127,4.426659112,10.202439210,1.485384559,4.932582123,4.377631352,3.527186146,0.081197075,0.838487514,0.149725156,0.098059356,0.027487308,0.423639418,0.999436318,1.349914787,0.652119292
2009-07,0.664925449,1.157521284,0.707261721,1.186242435,2.516478222,1.436302383,3.560230982,0.408346733,2.098352317,0.292472609,5.099534954,2.652536076,5.028230735,7.826094671,2.327102475,4.898422967,5.485766084,3.097041494,0.081197075,0.976221775,0.233945556,0.049029678,0.009162436,0.720187011,1.232638125,1.366788721,0.421959542
2009-08,0.731417993,1.012831123,0.559915529,0.237248487,1.695594952,1.117124076,2.554078748,0.408346733,2.002972666,0.233978087,6.151314039,2.175079583,5.856810517,9.568747331,1.881487108,4.549999576,5.670455206,3.613215076,0.118672648,1.155034674,0.374312890,0.016343226,0.000000000,0.720187011,1.632412653,1.231797243,0.728839208
2009-09,0.531940359,0.723450802,0.500977053,0.948993948,1.910908597,1.436302383,2.786267725,0.282701584,1.812213364,0.479655079,6.023825665,2.864738963,4.960128287,10.107385430,1.732948652,5.622597074,6.429178086,4.129388658,0.162394149,1.676975029,0.729910136,0.163432261,0.018324872,0.720187011,1.299267213,1.333040852,0.805559125
2009-10,0.465447814,1.736281926,0.294692384,1.423490922,1.426452896,1.436302383,3.173249353,0.266995941,1.939386232,0.584945218,6.979988469,2.493383912,5.255238894,10.550969740,1.683435833,6.107657089,6.154640202,3.154394114,0.118672648,1.686640591,1.122938671,0.375894199,0.064137052,1.270918255,1.232638125,1.333040852,0.498679458
2009-11,0.598432904,1.446901605,0.206284669,0.711745461,1.022739812,1.276713229,2.863664050,0.329818515,1.526074412,0.573246314,6.565651254,1.724148450,3.995343609,9.156847611,1.485384559,7.624323615,6.998220246,4.416151760,0.206115651,1.744633964,0.823488358,0.392237425,0.137436541,1.821649499,2.498590795,1.636771679,0.613759333
2009-12,0.664925449,1.157521284,0.324161622,0.948993948,1.157310840,0.319178307,2.708871399,0.251290297,1.144555809,0.374364940,6.151314039,1.909825975,4.596915232,10.931184860,1.336846103,5.479128619,5.625530825,2.953659943,0.131164505,1.510244082,0.720552314,0.506640008,0.109949233,1.313282197,1.965558092,1.333040852,0.690479250
2010-01,0.960055914,0.681608432,0.487946992,1.775922925,1.411413800,1.792312771,1.517949756,0.243353817,1.186521120,0.638873236,5.555508207,2.628415347,5.468116221,10.382971410,2.079286582,5.892883922,5.776297077,2.816539173,0.125078729,1.315974459,0.852061126,0.416104126,0.243128601,1.740798069,1.680327842,1.249211331,1.050518256
2010-02,0.192011183,1.226895178,0.602758049,0.665971097,1.411413800,1.493593975,2.457632938,0.136886522,0.897907875,0.520563377,5.082027394,2.442567797,4.729181597,10.671387290,1.982575578,4.344753400,4.893523761,2.588940048,0.118824793,1.328092087,0.660586716,0.368092111,0.177670901,1.595731563,2.273384727,1.082649820,0.817069754
2010-03,0.704041003,0.817930119,0.430541463,1.109951828,1.675229464,1.642953373,2.168499651,0.365030726,1.122384843,0.295774646,7.291604522,3.982447495,5.570430246,15.029671580,1.692442567,5.322144559,5.138455085,3.470886658,0.100062983,1.454115424,0.593570672,0.304076092,0.065457700,1.547376061,1.614432632,1.382460540,0.933794005
2010-04,0.256014910,0.954251805,0.774974634,0.665971097,1.701611030,1.493593975,3.831016051,0.243353817,1.282725535,0.603380278,6.028989021,2.230170597,4.467712422,12.337790110,2.804619111,5.172325476,4.623078756,2.275991251,0.125078729,1.296586253,0.335080218,0.240060073,0.084159900,1.692442567,2.075699099,1.132618274,0.466897003
2010-05,0.512029821,1.908503610,0.459244228,0.443980731,1.767564946,0.746796988,2.746766225,0.273773044,1.603406919,1.348732387,5.902727470,2.469117447,4.933809647,11.921189400,3.771729149,5.336413043,4.862907345,3.186387752,0.075047238,1.204492276,0.229769292,0.144036044,0.018702200,0.773688031,1.746223051,1.299179784,0.894885921
2010-06,0.256014910,0.817930119,0.516649756,0.665971097,1.793946512,1.045515783,1.734799721,0.410659566,1.571338781,1.289577458,5.018896619,2.309819547,5.183910597,11.953235610,2.127642084,3.895296152,3.776024591,3.214837642,0.075047238,0.986374963,0.382948821,0.128032039,0.028053300,1.015465540,1.548537423,0.932744461,0.233448501
2010-07,0.320018638,1.226895178,0.688866341,0.443980731,2.229242357,1.493593975,1.662516399,0.486707634,1.635475057,0.875492953,5.902727470,3.106309046,4.990650772,11.376403860,2.079286582,3.966638572,5.230304332,3.926084908,0.093809047,1.308703882,0.354227659,0.112028034,0.018702200,0.773688031,1.186113771,0.799495252,0.622529337
2010-08,0.256014910,0.954251805,0.373135935,0.887961462,2.070952959,1.493593975,1.445666434,0.517126861,1.507202504,1.455211259,6.249946733,3.212507646,4.695076922,13.587592220,2.466130598,4.608720355,4.296503656,3.897635017,0.137586602,1.238421636,0.392522541,0.080020024,0.037404400,0.967110038,0.823690119,0.832807554,1.245058673
2010-09,0.512029821,0.954251805,0.516649756,0.887961462,1.503749282,0.746796988,2.385349616,0.319401885,1.539270642,1.573521118,6.028989021,4.646188745,4.456344197,13.363268760,2.901330115,5.386352737,4.959859328,3.641586002,0.150094475,1.393527281,0.651012995,0.240060073,0.065457700,1.837509073,0.955480538,1.182586727,0.933794005
2010-10,0.768044731,0.954251805,0.258324878,1.775922925,1.411413800,0.298718795,2.457632938,0.243353817,1.539270642,1.478873231,7.922912273,4.380692245,4.376766622,13.811915680,2.707908107,7.027228405,6.021228402,4.153684033,0.125078729,2.316890576,1.369042034,0.224056068,0.093511000,2.369419594,2.339279937,1.349148238,1.128334423
2010-11,0.768044731,3.271720475,0.287027642,0.887961462,1.398223017,0.896156385,2.602199581,0.334611499,1.282725535,1.419718302,4.513850419,2.362918847,3.353626373,12.433928730,2.804619111,6.299535718,5.919173683,5.064080534,0.162602348,1.732820880,0.737176480,0.400100121,0.102862101,1.934220077,1.713275447,1.165930576,1.595231425
2010-12,0.960055914,1.363216865,0.287027642,0.221990366,1.437795366,1.045515783,2.313066295,0.441078794,0.929976013,1.490704217,5.997423633,5.177181744,3.785618923,14.388747420,3.723373647,6.463623285,5.847735380,4.779581627,0.175110221,1.708585623,1.091404139,0.704176213,0.196373101,2.852974613,1.713275447,1.365804389,1.050518256
2011-01,0.380600778,1.741726131,0.367399044,0.869253420,1.508728580,1.315195328,2.498408157,0.315990900,1.464815140,1.078526709,6.221361027,4.272923774,3.677421960,11.929818310,2.871062039,6.490496849,5.783452240,4.877285523,0.161363617,1.457179763,0.780034986,0.649036719,0.354047273,2.219942185,1.723052755,1.397861699,1.340997196
2011-02,0.317167315,1.473768265,0.480444903,1.086566775,1.586766265,0.730664071,1.855960345,0.270849343,0.827938992,2.614254958,6.096308544,5.090582028,3.981993718,11.198122790,3.349572379,5.696031661,4.942038505,3.467665429,0.161363617,1.173438489,0.722959255,0.379923933,0.242242871,2.381392525,1.495479750,1.167625655,0.996169346
2011-03,0.444034241,0.937852532,0.536967833,1.086566775,2.224074028,1.753593771,2.212875796,0.346085271,0.955314222,2.520470027,6.909149684,4.721317010,4.839306813,16.256365750,4.402295127,6.192572403,4.719013178,4.087898271,0.111713273,1.154201792,0.761009742,0.316603277,0.121121435,2.785018377,1.332927603,1.200516518,1.072797757
2011-04,0.507467704,1.339789332,0.452183438,0.651940065,1.898917006,2.045859400,2.498408157,0.346085271,1.528502755,2.426685095,5.564835492,3.323385158,4.974672038,14.920226100,3.349572379,5.419387533,4.936969748,4.228860280,0.086888101,0.976262349,0.580269928,0.269112786,0.083853301,1.856678918,1.300417174,1.611652312,0.919540935
2011-05,0.824635020,1.071831465,0.876105412,0.651940065,2.419168241,1.169062514,3.140855969,0.421321200,1.687721792,2.848717286,7.940832668,4.694940937,6.655456922,16.065488660,3.158168243,6.150011768,4.597362999,4.877285523,0.074475515,1.149392618,0.409042736,0.174131803,0.046585167,1.654865992,1.495479750,1.167625655,0.842912523
2011-06,0.697768094,1.071831465,0.678275158,0.869253420,2.133030062,2.045859400,3.212239059,0.586840243,2.069847481,2.708039889,7.503148978,4.114667338,5.335645973,13.870402090,2.536104801,5.518695681,4.977519807,5.131017140,0.099300687,1.055613723,0.332941762,0.142471475,0.046585167,0.928339459,2.210709196,1.036062201,0.881226729
2011-07,0.507467704,0.267957866,0.480444903,0.217313355,2.224074028,2.338125028,2.427025067,0.767406472,3.088849318,1.840529275,7.878306427,5.749983845,6.057593843,13.838589240,2.727508937,4.937033668,5.301920284,4.877285523,0.080681808,1.440347653,0.428067980,0.063320655,0.027951100,1.210877555,2.308240484,0.937389610,0.766284112
2011-08,0.126866926,1.875705064,0.480444903,1.086566775,2.302111713,1.899726586,2.141492706,0.737312100,2.643036014,2.180499651,8.315990117,4.747693083,6.091435149,14.379407670,2.631806869,5.731498856,5.545220641,4.905477925,0.136538445,1.300881603,0.551732063,0.047490492,0.027951100,0.968702044,1.723052755,0.904498747,1.149426168
2011-09,0.380600778,1.339789332,0.310876114,1.086566775,1.768854197,1.607460957,1.998726526,0.601887429,2.197222710,2.426685095,8.003358910,5.090582028,5.798143827,13.552273600,2.918913073,5.376826898,5.646595790,3.946936261,0.080681808,1.591836639,0.656370902,0.063320655,0.018634067,1.574140822,1.235396315,0.608480975,1.226054579
2011-10,0.570901167,2.411620797,0.508706368,1.086566775,1.664803950,1.607460957,3.069472879,0.677123357,2.133535096,1.992929788,7.534412099,4.800445228,5.549974247,14.602097610,2.583955835,7.093439179,7.146947992,5.215594345,0.117919566,2.051112768,1.065413639,0.364093769,0.121121435,2.986831303,1.723052755,0.608480975,1.877396075
2011-11,0.570901167,2.277641864,0.593490763,0.217313355,1.586766265,0.292265629,3.069472879,0.571793057,2.038003674,1.969483556,7.440622736,4.193795556,4.805465506,12.216133950,2.918913073,7.320429233,6.356221831,4.933670327,0.111713273,1.909242131,1.132001991,0.379923933,0.158389569,4.843510221,1.918115331,0.493362953,1.455939813
2011-12,0.761201557,1.875705064,0.565229298,1.086566775,1.339646929,0.584531257,2.783940518,0.496557129,1.082689452,1.957760439,6.721570959,3.428889449,3.733824138,16.860809880,2.583955835,7.164373571,7.096260418,5.271979149,0.074475515,1.750539385,0.998825286,0.633206555,0.288828038,3.995895932,1.267906744,1.216961950,1.226054579
2012-01,0.503141173,1.845052492,0.835425378,1.277889948,1.835083485,1.002001139,2.468797921,0.327658194,1.866646756,2.079943017,6.505177192,4.403472348,4.131663231,13.899980790,2.842433938,6.123309485,6.597723977,5.645506359,0.209470984,1.770831536,0.765757951,0.422979638,0.232113281,5.548707271,1.765459649,1.543461604,1.434757065
2012-02,0.817604407,2.372210347,0.946815428,0.638944974,2.027574760,1.860859259,3.103631672,0.327658194,1.898284836,2.068323223,6.691039397,4.875272956,4.243632424,12.667937040,2.605564443,5.446077100,5.580365012,3.912727179,0.160183694,1.801856886,0.803573159,0.407313725,0.213544218,4.830169639,1.444466985,1.770919104,1.132702946
2012-03,0.880497053,1.449684101,0.835425378,1.703853264,2.091738518,1.431430199,2.539335005,0.312764640,1.455351708,2.742271240,8.301845178,5.556762724,3.795755651,15.669069260,2.510816645,6.313781094,5.791895094,4.108363538,0.141700960,1.572746607,0.699581338,0.328984163,0.092845312,4.710413367,2.246948644,1.770919104,1.510270595
2012-04,1.194960286,1.976841955,0.974662941,2.981743212,2.309895296,2.862860398,3.174168756,0.372338857,1.581904030,2.475015992,7.279603048,4.927695246,4.131663231,14.942479350,2.700312241,5.333205035,5.333579917,4.471688205,0.110896403,1.417619855,0.605043320,0.156659125,0.064991719,4.151550764,2.407444975,1.965882675,1.094946182
2012-05,1.320745580,2.240420883,0.835425378,1.490871606,2.771874356,4.008004558,5.219744176,0.640422834,3.828207753,3.230302562,9.014316966,5.530551579,6.471819370,15.289978870,3.363546827,5.431968092,5.091831252,4.527584307,0.073930936,1.424779551,0.529412905,0.156659125,0.009284531,2.874150529,2.311147176,1.673437318,1.170459711
2012-06,1.069174993,1.317894637,0.751882840,1.064908290,2.027574760,3.292289458,3.526854173,0.461700183,2.752513013,2.893328554,8.023051870,4.639372652,5.598459662,15.037251950,3.031929534,4.550155090,5.127086266,4.443740154,0.110896403,1.252946841,0.330883065,0.172325038,0.083560781,1.636669051,2.535842041,1.494720711,0.679621768
2012-07,1.132067640,1.581473564,1.030357966,1.064908290,2.078905767,2.004002279,2.609872088,0.610635725,2.246303723,2.800370207,6.660062363,6.159619058,6.718151595,13.710435600,2.226573252,3.830595680,5.137159127,4.164259641,0.123218226,1.560813780,0.463236292,0.046997738,0.009284531,1.876181595,2.086452312,1.559708568,0.830648827
2012-08,0.943389700,1.317894637,0.863272890,1.916834922,2.348393551,1.717716239,2.468797921,0.417019520,2.594322610,2.045083636,7.403511185,5.661607304,6.460622450,12.762709640,2.795060039,3.731832624,5.837222969,4.331947948,0.067770024,1.992782119,0.794119357,0.109661388,0.027853594,1.756425323,1.958055247,1.608449461,1.321486771
2012-09,0.566033820,1.976841955,0.640492790,1.277889948,1.886414492,1.288287179,3.244705839,0.446806628,1.613542111,0.499651116,6.752993466,5.949929898,6.303865580,13.299754350,3.126677332,4.945207315,5.968170162,5.785246615,0.209470984,2.102564128,0.945380187,0.172325038,0.037138125,2.315287926,1.733360382,1.803413032,1.397000301
2012-10,0.817604407,2.503999810,0.473407714,1.703853264,1.398769929,0.858858120,2.680409172,0.461700183,1.929922917,1.882406529,6.629085329,4.010305174,5.643247340,11.657029350,3.316172928,5.410804580,6.028607328,6.931116717,0.283401920,2.541692164,1.408616479,0.344650075,0.157837031,4.231388279,2.503742774,1.900894818,1.850081479
2012-11,1.257852933,1.186105173,0.668340302,1.490871606,1.167780400,0.715715100,4.161687924,0.461700183,2.467770287,2.231000331,7.930120767,4.770428377,5.710428855,15.542705800,2.510816645,6.377271630,7.912232341,5.366025846,0.184827339,2.226665530,1.408616479,0.454311463,0.250682343,3.991875735,2.182750111,1.982129639,1.963351774
2012-12,0.503141173,1.713263028,0.668340302,0.851926632,1.142114897,1.002001139,3.526854173,0.402125966,2.056475239,2.184521157,8.797477726,6.133407913,4.971432180,15.542705800,2.226573252,5.961055893,7.030857001,5.282181692,0.184827339,2.073925343,0.964287791,0.422979638,0.343527656,4.630575852,2.728437639,1.673437318,1.397000301
2013-01,0.520768840,1.674258786,1.129225107,0.819551214,1.731568271,1.360551622,3.382574599,0.765347311,2.889296601,2.938973246,9.484406894,5.569150584,5.353720184,17.782840320,2.231673181,6.121986259,6.060206991,3.698527309,0.177162214,2.097853939,1.082067549,0.452198544,0.376207795,3.981031737,2.765458046,1.585316118,1.218742394
2013-02,1.562306520,2.446993611,0.709048323,0.819551214,1.555901925,1.768717109,4.329695487,0.632883353,3.171945181,2.358013418,7.646803058,4.342915593,5.549190698,15.722817930,2.778205389,5.696571362,5.574613482,3.698527309,0.140507963,1.967310626,1.000230508,0.361758835,0.241847868,3.401269833,2.325498812,1.492062229,1.003670207
2013-03,0.752221658,1.416680511,1.024180911,1.639102428,1.969972599,1.224496460,3.788483551,0.588728701,3.674431547,2.859233662,7.498609201,4.317369031,6.407089064,19.661096020,3.279193246,6.301458169,6.152469758,3.542251507,0.109962754,1.942118057,0.982044498,0.346685550,0.197061226,3.478571420,2.639755408,1.942789361,1.541350675
2013-04,0.694358453,2.189415336,1.102964058,0.614663410,2.057805772,1.496606784,3.517877583,0.603446918,3.674431547,2.745319970,8.506327433,5.518057460,7.091235862,18.025195890,2.914838441,5.337627542,5.409511689,4.011078913,0.091635628,1.887152452,0.654696332,0.271319126,0.152274584,2.512301581,2.545478429,1.756281582,1.505505310
2013-05,0.983674475,1.159102237,0.997919862,1.434214624,1.995067791,2.312937757,6.223937263,1.089148096,5.778593201,2.961755984,8.032107088,6.258907767,7.818820553,20.660812770,4.235624609,5.483863913,6.055351056,4.766411954,0.122180838,1.953569225,0.518301263,0.195952702,0.080615956,2.976111104,3.268268600,2.175924084,1.433814581
2013-06,0.636495249,2.318204473,0.735309372,0.614663410,2.195829330,2.176882595,3.044317139,1.059711661,5.715782406,2.938973246,6.579807283,6.463280265,8.112026323,14.995751200,3.734636752,4.340561376,5.807698366,4.297584549,0.054981377,1.577970921,0.354627180,0.060293139,0.017914657,1.932539678,2.859735025,2.082670195,1.254587759
2013-07,1.099400884,1.545469649,0.656526225,1.024439017,2.346400484,1.360551622,3.111968631,1.044993444,6.657944341,3.178191998,7.202221485,6.488826828,7.699366350,15.965173500,3.734636752,4.819153136,6.361274967,4.766411954,0.134398921,1.536746717,0.491022249,0.000000000,0.008957328,1.971190471,2.419775790,1.585316118,1.433814581
2013-08,1.041537680,2.060626199,0.866614617,0.614663410,2.107996156,1.224496460,2.638408187,1.265766707,6.846376728,3.850282779,7.706080601,6.028988706,8.654999973,16.268117970,2.914838441,5.257862249,7.094521165,4.896641789,0.146617005,1.967310626,0.563766286,0.060293139,0.026871985,1.855238091,1.571282981,1.585316118,1.684732133
2013-09,0.752221658,1.803047924,0.682787274,1.229326821,2.095448560,1.496606784,4.397346979,1.118584531,5.024863653,4.032544686,8.180300946,6.769839013,8.654999973,16.783123570,3.051471492,6.254928415,7.512131583,6.094756270,0.134398921,2.354360097,0.982044498,0.045219854,0.035829314,2.009841265,1.791262598,2.346889548,1.577196039
2013-10,0.694358453,1.159102237,0.656526225,1.229326821,2.258567310,0.408165487,4.464998471,0.986120574,5.495944621,4.055327424,8.150662175,7.638422132,7.883977391,16.359001310,4.235624609,7.870175604,9.483641229,7.891927990,0.305452094,3.572764350,1.945902988,0.361758835,0.134359927,3.092063485,2.168370514,2.766532049,1.577196039
2013-11,1.099400884,1.931837061,0.840353568,1.229326821,1.869591829,0.408165487,4.464998471,1.103866314,5.213296040,3.519933073,7.824635688,6.539919952,6.493964848,15.450167910,3.506914999,6.361282139,8.298793067,5.964526435,0.232143591,2.388713601,1.454880738,0.437125259,0.232890540,3.594523801,1.602708640,2.673278160,1.756422862
2013-12,0.231452818,2.704571886,0.604004127,1.639102428,1.668830290,0.952386135,3.991438027,0.559292266,4.019890923,3.144017891,8.535966205,6.156721518,7.102095335,18.388729250,4.007902856,6.793344145,8.750395030,4.349676483,0.189380298,2.521547147,1.536717780,0.678297816,0.420994437,2.860158723,1.477006002,2.004958620,1.039515571
2014-01,0.285954324,2.025057556,1.032593024,1.207398941,2.043615967,1.198542572,3.407086740,0.934186012,3.630993408,3.087260572,8.684146445,7.226377037,8.374896136,20.742203610,3.469134167,8.640539096,8.739227949,6.512144377,0.157947432,2.350386862,1.362607804,0.520279917,0.285528845,4.886135857,1.829822194,2.652063658,1.612692875
2014-02,0.972244701,3.164152431,0.542111338,1.006165784,2.056001518,2.530256541,3.206669873,0.686042852,3.255373401,3.743162085,8.654808113,7.150309910,7.986870060,19.869164560,2.973543572,6.458918666,6.916143973,4.247050681,0.139722728,2.443493975,0.884341489,0.386493652,0.214146634,4.237195938,1.798808259,2.100189140,1.823044119
2014-03,0.686290377,2.657888042,1.187481978,2.414797881,2.662893532,1.997570954,4.141948586,0.467093006,3.098865064,3.777088026,10.561799730,7.860269759,8.762922211,24.806350910,4.144939524,7.324955867,7.494900791,5.225159322,0.109348222,2.257279750,1.019699880,0.341898231,0.187378304,4.924308793,2.139961549,2.253487617,1.858102660
2014-04,0.686290377,1.645359264,1.110037501,1.609865254,1.845447146,2.397085144,4.475976698,0.598462914,3.098865064,3.392594035,9.241574764,8.164538266,8.978492254,21.314194710,3.874617382,6.419252840,6.511014200,5.276638725,0.127572926,1.973416602,0.857269810,0.193246826,0.151687199,4.351714747,1.984891871,2.498765181,1.086814763
2014-05,0.400336054,1.265660972,1.006778199,1.207398941,2.353254749,2.397085144,5.210838544,0.715236165,4.444836759,3.777088026,9.828341416,7.378511290,8.892264237,22.699015270,2.613114048,6.280422449,7.065656151,6.203267964,0.091123518,1.882580395,0.649720277,0.104055983,0.071382211,2.443067928,2.108947613,2.774702440,1.051756223
2014-06,0.686290377,2.151623653,0.826074419,1.207398941,2.204628134,2.663427938,5.010421677,1.007169294,6.135126794,3.313433508,8.478778117,6.896752821,8.407231642,17.460780980,2.252684524,5.553215639,6.713579087,5.328118127,0.127572926,1.962062076,0.631672492,0.059460562,0.044613882,1.679609201,1.581710710,1.946890662,1.016697682
2014-07,0.857862972,1.898491459,0.774444768,1.207398941,2.328483647,1.731228160,3.607503608,1.211522484,4.945663436,3.019408691,8.097379794,7.581356961,7.997648562,18.544553590,3.108704643,5.454051074,7.118708859,5.636994540,0.121498024,1.775847852,0.487290208,0.089190843,0.035691106,1.832300946,1.147515613,2.345466703,1.542575793
2014-08,1.143817296,1.645359264,0.697000291,2.012331568,2.303712544,2.130742351,3.607503608,0.992572637,5.258680109,2.906322223,9.769664751,5.806457338,8.741365207,17.852143310,3.198812024,5.797821566,7.475608897,6.486404676,0.121498024,2.012021990,0.595576921,0.089190843,0.017845553,2.404894992,0.992445936,2.345466703,1.332224549
2014-09,0.400336054,1.898491459,1.006778199,1.207398941,1.808290492,1.731228160,4.075142964,0.802816104,4.507440093,2.736692522,10.092386410,7.378511290,9.075498772,19.146649490,3.379026786,6.511806434,7.769810279,6.126048861,0.145797629,2.561581044,1.155058271,0.104055983,0.098150540,2.633932610,1.488668904,2.790032288,1.858102660
2014-10,0.915053837,1.392227070,0.645370640,1.006165784,1.548193914,2.663427938,3.340281118,1.036362607,4.288328422,2.996791398,8.361424787,7.606712670,8.148547591,17.882248110,3.514187858,5.877153218,7.711934597,6.666582584,0.109348222,2.893133201,1.876969690,0.312167950,0.115996093,4.008158320,1.302585291,3.219268024,1.787985578
2014-11,0.743481242,1.265660972,0.361407559,1.408632097,1.610121671,1.065371175,4.609587943,0.759026134,4.037915084,2.487902292,7.803996468,6.795329986,8.331782127,15.263130960,3.784510001,6.974574404,9.028606358,6.280487067,0.115423123,2.865882338,1.777706870,0.386493652,0.303374398,3.702774829,1.581710710,2.790032288,2.243746608
2014-12,0.686290377,2.151623653,0.774444768,0.603699470,1.288097337,1.198542572,3.073058629,0.656849539,3.443183405,1.933778600,7.305244814,6.338927225,6.790456326,18.123086460,4.505369048,6.544861289,9.467496945,6.666582584,0.261220753,3.061180184,1.534061766,0.431089074,0.401524938,4.122677129,1.209543484,2.514095028,1.332224549
2015-01,1.187645769,2.489069872,0.990265940,0.791037545,1.810372529,1.434759528,4.356073356,0.811095673,3.651653481,2.133762422,7.640517986,5.916114034,6.570236848,17.210766340,3.655920786,6.846912122,8.390394967,4.936498562,0.181268619,2.826800429,1.549760110,0.395941453,0.480086544,5.054248303,1.286179148,2.344690358,1.269370769
2015-02,0.282772802,2.613523366,0.990265940,1.186556317,1.895998257,1.956490265,3.300055573,0.782127970,2.372014227,2.538054249,6.972335805,5.311915154,6.313419773,17.001243960,3.566751986,4.544876346,6.152636858,3.893217938,0.157099470,2.268197635,1.352680789,0.469263945,0.266714746,3.470080925,0.857452765,1.860625252,1.303678088
2015-03,0.565545604,3.111337340,0.837917334,0.988796931,2.250733415,1.826057581,2.970050016,0.579354052,2.403224941,2.863733777,9.064036547,6.495137961,7.062469577,20.712783140,4.948868381,5.853748115,7.273911799,4.453027053,0.175226332,2.160080965,1.119768865,0.307954464,0.231152780,4.299882885,1.653658904,2.193420012,1.612443950
2015-04,1.300754890,0.871174455,0.787134465,1.186556317,2.214036674,1.434759528,4.158070022,0.535902498,2.871385643,3.009728047,9.790321526,6.142688615,5.789084910,19.665171280,4.101764784,5.491999636,6.535978718,4.198568365,0.187310907,2.139809089,1.012271054,0.234631972,0.151138356,2.376251068,1.469919026,1.996768563,1.475214678
2015-05,1.017982088,1.866802404,0.609394424,2.373112634,2.262965662,1.956490265,5.412091140,0.926966483,2.871385643,3.234334618,9.557910333,5.689539454,7.362089498,16.193086240,3.789673985,4.742193698,6.603063544,5.267294857,0.096676597,1.961867070,0.842066187,0.146644983,0.133357373,2.753433777,2.143631913,1.860625252,1.406600042
2015-06,1.017982088,1.866802404,0.888700202,1.384315703,2.397520377,1.695624896,3.300055573,1.013869591,3.651653481,2.830042791,9.151190744,4.984640761,7.458395901,14.397180190,3.923427185,4.617226042,6.583896451,4.529364660,0.078549735,2.137556659,0.788317281,0.131980484,0.080014424,2.376251068,1.990515347,1.815244148,1.406600042
2015-07,0.735209286,2.240162885,0.812525899,0.791037545,2.409752624,2.739086371,4.752080025,1.202159658,4.431921319,2.627896877,8.076288974,6.218213475,9.159809027,16.282881540,3.477583187,4.525144611,8.059762613,6.590480039,0.120845746,2.419110486,0.689777621,0.043993495,0.026671475,1.584167379,2.051761974,2.072403736,1.337985406
2015-08,1.413864011,2.115709391,0.736351596,0.988796931,2.421984870,2.999951740,4.158070022,0.854547227,4.900082022,2.976037062,9.819372926,7.200036655,9.994464522,15.684246190,2.897985989,4.742193698,7.436832090,5.343632464,0.048338298,2.806528553,1.128727016,0.117315986,0.062233441,2.376251068,1.653658904,2.132911874,1.440907360
2015-09,1.640082253,2.115709391,0.533220121,1.582075089,1.675817814,2.739086371,2.970050016,0.709708714,4.182235611,2.223605050,9.470756135,5.714714408,8.860189105,16.103290940,3.120907988,6.452277417,9.799176304,5.801658104,0.169184045,3.860666083,1.648299770,0.205302976,0.071123932,3.432362654,1.653658904,2.132911874,1.475214678
2015-10,1.017982088,1.617895417,0.558611556,1.582075089,1.443405125,1.434759528,4.554076691,0.579354052,4.837660595,2.493132935,10.167989720,7.149686748,7.062469577,14.906020240,3.210076788,5.939252301,8.931865345,5.343632464,0.169184045,3.527306352,2.176830674,0.513257440,0.302276713,3.922700176,1.868022095,2.616976980,1.337985406
2015-11,0.848318407,4.355872276,0.380871515,1.977593862,1.198760188,1.826057581,3.894065576,0.680741011,3.589232054,2.414520635,9.528858934,8.232209742,7.340688075,15.833905030,3.789673985,6.728521710,10.244811220,6.285129612,0.187310907,4.362958112,2.579947466,0.762553910,0.328948187,4.941093490,1.714905530,2.390071462,2.024131768
2015-12,1.187645769,2.489069872,0.304697212,0.791037545,0.905186265,1.434759528,3.828064465,0.666257160,2.559278508,2.616666549,9.964629921,5.135690481,7.008966019,16.941380430,2.407557591,6.596976809,8.960615984,6.590480039,0.271902929,3.696238648,2.167872523,0.923863391,0.506758018,4.563910781,1.929268721,2.102657805,1.921209813
2016-01,0.727362656,2.571364550,0.499791712,1.361261228,1.245055438,1.917435239,3.653201575,1.020989825,4.358410799,3.592281414,9.381300363,2.425354708,7.417375958,18.517619870,3.751469142,5.865192478,8.367638907,4.856938010,0.162298669,3.309519467,2.010189705,0.738001720,0.531608559,3.728024229,2.117662790,2.284995717,2.048894000
2016-02,0.671411682,1.836688964,0.699708397,1.750193007,1.486813775,2.173093270,5.023152165,1.179171347,3.984832730,3.714999102,7.856119629,3.025442471,7.045444498,16.642041010,4.236953383,6.087755586,8.805785053,4.101973553,0.216398225,3.434659974,1.574352114,0.549883634,0.256944137,5.181953679,1.754634883,2.986922507,1.914540295
2016-03,0.447607788,1.469351171,0.474802126,2.722522456,1.547253359,2.940067366,3.131315635,0.647106227,3.019756054,3.447251419,8.604321499,2.400351051,7.279229987,16.671812100,4.545897901,5.413520290,7.234173875,4.177469998,0.210387163,3.347508550,1.609930693,0.434118659,0.177202853,4.548189560,1.784887209,2.225257267,2.317601410
2016-04,0.895215576,1.591797102,0.524781297,1.361261228,1.825275447,3.067896382,3.914144544,0.905948718,3.517860145,3.369158345,8.143889579,3.025442471,7.831813869,16.909980850,3.619064348,4.392348385,7.153212087,3.749656806,0.216398225,3.626840038,1.191882391,0.289412439,0.150622425,3.429782291,2.450438371,2.807707156,2.216836131
2016-05,0.559509735,1.469351171,0.649729225,1.361261228,1.668132528,1.533948191,4.827444938,1.006609687,4.358410799,3.480719880,9.381300363,2.475362022,10.063402620,17.803113640,3.707334210,4.320342674,6.781740355,4.252966444,0.162298669,2.598900162,0.693782288,0.101294354,0.070881141,2.050413326,1.724382558,2.299930330,1.914540295
2016-06,0.783313629,1.469351171,0.749687568,1.166795338,1.498901692,1.150461143,4.827444938,1.006609687,5.665934039,3.726155256,7.597126675,2.350343738,9.510818742,18.636704240,3.398389693,4.274520858,6.534092533,3.498001987,0.150276545,2.165377693,0.426942946,0.057882488,0.026580428,1.155687511,1.452111627,2.090845755,1.612244459
2016-07,0.447607788,1.469351171,0.524781297,0.583397669,2.018682117,1.278290159,4.762209195,1.236691901,6.319695658,3.804248330,9.611516323,2.500365678,8.373771138,18.606933150,3.089445175,3.711567115,8.200952873,3.825153251,0.198365039,3.191082917,0.578151906,0.072353110,0.026580428,2.274094780,1.331102325,2.031107304,2.183247705
2016-08,0.559509735,1.591797102,0.724697982,1.944658897,1.716484196,1.917435239,4.436030483,1.394873423,6.693273727,4.016215246,8.776983469,2.650387619,10.541600210,18.666475340,3.663199279,4.902934337,8.472412985,5.637067950,0.168309730,3.065942410,0.622625130,0.057882488,0.026580428,1.938572599,1.028579069,2.329799555,2.317601410
2016-09,0.951166550,0.857121517,0.474802126,1.555727118,1.365934606,1.406119175,4.631737711,1.121650794,5.728197050,3.625749875,9.899286273,2.725398590,9.425805837,18.041282380,4.016278728,4.791652784,8.696248516,6.694018190,0.216398225,2.167612345,1.120725234,0.130235598,0.070881141,1.826731872,1.784887209,2.404472618,2.754250951
2016-10,0.839264603,2.448918619,0.474802126,2.139124787,1.353846689,1.022632127,6.458338498,0.905948718,4.638594350,3.346846038,10.273387210,3.175464412,9.935883267,17.803113640,4.413493108,6.068117665,10.929841370,6.744349154,0.348641584,3.588850955,1.743350364,0.419648037,0.159482568,3.355221806,1.694130232,2.882380219,3.291665771
2016-11,0.783313629,2.081580826,0.674718811,1.750193007,1.136264186,1.150461143,6.654045725,1.049750102,4.015964236,3.681530642,8.920868444,2.875420530,10.031522790,17.445860520,4.501762970,5.374244447,10.005924500,8.405270961,0.264486719,3.957568519,1.894559324,0.564354256,0.265804279,3.802584714,1.512616279,2.852510994,3.829080591
2016-12,0.727362656,2.204026757,0.399833369,2.528056566,1.172527936,1.278290159,4.566501968,0.618345950,3.798043696,3.480719880,7.654680665,3.850563145,9.712724392,17.713800360,5.207921867,5.315330684,11.072715120,10.644998850,0.264486719,4.214553488,1.725561074,0.766942964,0.416426704,4.324508106,1.512616279,2.867445606,3.022958361
2017-01,1.052172237,2.651819691,0.664433187,2.296053085,1.768932478,2.757852986,5.741216906,1.485665683,5.063280130,4.068528656,9.267171998,8.197621299,10.249896920,21.120775590,6.555611691,7.227370266,9.706652646,7.967421215,0.317005440,3.650082916,1.510481683,0.685600574,0.379761536,5.233774654,1.584670436,3.097906228,2.862365617
2017-02,0.775284806,1.687521621,0.762867733,2.296053085,1.756980231,1.629640401,4.257531638,1.257101732,3.665442057,4.157215929,8.525798239,7.502065552,9.162626701,21.446622050,6.511907613,6.347573164,9.218952538,6.124955059,0.227286919,3.654518011,1.581147493,0.542767121,0.220791591,5.123201950,1.405273783,2.906131081,2.368854304
2017-03,0.775284806,2.531282432,0.935128189,1.530702056,2.366544802,3.008566894,6.192773292,1.171390250,4.845838652,4.833456387,10.407747010,8.768970662,11.421615310,22.957364770,5.900050522,7.357710578,10.890390770,8.067013980,0.167474572,3.552510833,1.324983932,0.342800287,0.203128264,4.938914110,1.405273783,2.935634950,2.895266371
2017-04,1.107549723,1.928596139,0.787476370,1.913377571,2.199213351,2.381782125,7.611950504,1.357098461,3.758631262,4.312418657,9.694887629,8.098256192,10.798810040,22.483406270,5.331897509,6.751628130,9.654568169,6.996391754,0.233268154,3.104566271,0.953988431,0.414217013,0.150138282,4.496623294,1.764067090,3.540464261,2.993968634
2017-05,1.605947099,1.446447104,1.131997281,1.339364299,2.151404365,3.635351664,8.192523000,1.742800128,6.616433544,3.946583655,8.953513869,9.191272365,11.748851980,24.408862670,5.725234210,6.927587550,8.901710719,7.917624832,0.155512103,3.040257399,1.157152634,0.242816870,0.141306618,4.091190046,2.272357607,3.156913966,2.171449778
2017-06,1.772079558,2.290207915,0.861302279,2.104715328,2.091643133,1.754997355,6.321789402,2.028505067,6.678559680,3.857896382,7.984025106,7.750478319,13.216138970,23.135099200,5.288193431,6.536566616,8.740722334,8.440486849,0.137568398,2.594530384,0.609492609,0.171400143,0.061821645,2.911747871,1.584670436,3.186417835,1.677938465
2017-07,1.273682182,1.205372587,0.738259096,1.530702056,1.948216175,1.504283447,6.644329677,2.399921488,7.983208548,4.212645475,9.666373254,8.719288109,16.805186300,25.504891700,5.463009743,5.624184436,9.536194356,8.191504936,0.221305684,3.275317416,0.927488753,0.114266762,0.070653309,2.948605439,1.793966532,2.847123343,1.447633186
2017-08,1.273682182,2.531282432,0.590607277,2.678728599,1.888454943,1.378926493,7.482934394,2.585629699,8.604469913,4.345676385,12.175638290,11.501511090,18.768606310,21.416999650,5.419305665,7.540187014,11.799501660,12.797670330,0.227286919,4.024848416,1.395649742,0.071416726,0.070653309,4.091190046,1.375374341,4.115789704,2.171449778
2017-09,1.495192127,2.410745173,0.738259096,2.487390842,1.637457767,1.128212585,9.224651882,1.699944388,7.361947182,1.707230008,12.033066410,10.681748960,15.137334900,18.365891810,5.113377119,7.149166079,10.667848010,12.025826400,0.317005440,3.998237848,2.314305269,0.257100215,0.114811627,3.943759774,1.614569879,3.289681376,2.763663354
2017-10,1.716702071,3.133968725,0.467564094,2.870066356,1.374508344,1.378926493,9.353667993,1.457095189,8.076397753,3.957669565,11.320207030,9.663256622,14.641201880,21.831713330,6.817836159,9.430121529,12.983239780,14.092376270,0.269155562,5.503952490,3.665788880,0.414217013,0.256118245,7.334656029,1.764067090,4.705867080,2.993968634
2017-11,0.996794751,3.254505984,0.590607277,3.061404113,1.314747112,1.253569539,9.998748544,0.799973829,7.548325592,4.024185019,10.721405140,8.098256192,11.516619510,19.076829560,5.506713820,10.446775960,15.057148980,12.050724590,0.442611369,5.539433247,3.639289201,0.699883919,0.388593200,6.634362237,2.571352029,5.620487014,3.651983718
2017-12,0.664529834,1.928596139,1.107388645,2.104715328,1.123511168,1.002855631,7.740966615,1.585662412,6.057298314,3.636178199,10.436261390,8.744129385,12.244984990,21.357754830,6.249683145,10.309918630,16.255091970,12.996855860,0.406723961,4.996134150,2.543969150,0.514200430,0.574058136,6.560647101,2.122860396,4.779626752,3.454579193
2018-01,1.365506953,2.070714914,1.176294432,3.468801598,1.339050216,3.013885574,8.165999991,1.876317953,6.003925219,4.242120867,8.651886600,8.757671720,12.962951650,21.036348640,5.310958834,10.403293350,13.069930970,10.371595120,0.413753878,4.712450901,2.722721961,0.777330883,0.503106684,6.622943112,1.975596732,4.724640851,2.756577715
2018-02,1.194818584,2.300794349,0.808702422,2.601601199,1.433018653,2.290553036,5.465433065,1.293522225,4.165988928,4.440453790,8.623142791,7.981992225,15.090097250,22.330430180,7.549462145,8.823558997,10.964483910,8.634604676,0.256410854,3.873608290,2.070678514,0.551198263,0.291272291,7.459908451,1.365485976,3.872182716,2.588493708
2018-03,1.137922461,2.300794349,0.906726958,3.642241678,1.738416070,1.687775921,7.201511803,1.577812824,4.686737544,5.343970442,11.986168480,10.334052630,14.963732170,26.965047760,6.847186596,10.680084420,12.404552670,11.151982130,0.337996126,5.015488285,2.097112708,0.551198263,0.370710188,9.170228925,1.801279373,3.944424931,2.891044921
2018-04,1.308610830,1.840635479,1.127282164,3.642241678,1.773654234,3.978328957,8.165999991,1.805245304,5.207486160,4.671842201,9.801638972,10.534227980,16.648599970,24.677833890,7.066647705,9.647181183,11.415990620,10.698854190,0.244755815,4.275462211,1.797525178,0.438131952,0.238313692,6.186265544,1.539803335,4.276739119,2.823811318
2018-05,1.251714707,1.610556044,0.882220824,1.214080559,1.562225252,1.687775921,12.409748020,1.776816244,6.248983391,5.101563536,10.405258970,10.108855360,16.006244120,26.152484940,6.847186596,9.464904142,11.629862220,10.749201740,0.285548451,4.402825749,1.665354209,0.169599465,0.150049362,4.585114462,1.859385159,4.594604865,2.353176099
2018-06,0.568961230,1.265436892,0.980245360,1.387520639,1.914606888,1.928886767,8.230299204,2.004248723,6.739099736,4.892212116,9.226762786,10.534227980,13.868568100,21.457677510,5.705988830,8.843812002,12.437821590,11.126808360,0.297203490,4.521405595,1.163104527,0.183732754,0.079437897,4.257606286,1.481697549,4.117806247,2.924661723
2018-07,1.194818584,1.725595762,0.833208556,1.907840879,2.126035870,2.049442190,8.616094479,2.828691460,9.373475087,5.354988938,10.865159920,10.659337580,15.437601240,22.029480980,6.013234383,9.464904142,13.350340400,12.536539730,0.238928296,4.686099825,1.727033994,0.127199599,0.044132165,4.112047097,1.714120694,4.161151576,2.554876907
2018-08,1.877572060,1.840635479,1.249812834,3.468801598,2.090797706,1.808331344,9.066188966,3.127196589,9.373475087,5.961006205,11.325060870,10.258986870,15.922000730,25.851535740,8.602875467,12.435344810,15.702927980,13.669359590,0.326341087,4.890320670,1.674165607,0.113066310,0.088264330,3.638979732,1.917490946,5.201439469,3.664231354
2018-09,1.137922461,2.530873784,0.833208556,4.162561918,1.985083216,2.893330151,8.616094479,2.245895732,8.393242398,6.192394616,10.951391340,11.585148590,15.764044370,22.390620020,6.891078818,11.652228640,16.724758950,12.284801990,0.477856592,6.745875661,2.810835940,0.226132621,0.097090764,5.713198179,1.859385159,6.516247780,4.941669807
2018-10,2.389637168,2.415834067,0.808702422,4.509442078,1.667939743,2.893330151,12.088251960,2.416470092,9.894223703,4.859156629,11.986168480,10.659337580,15.574496750,22.751759050,5.969342161,14.440392270,16.829318390,10.975765710,0.541959305,7.294856428,3.797712508,0.537064974,0.406015920,8.078535005,1.975596732,6.299521135,4.874436204
2018-11,1.649987568,3.106072371,0.882220824,2.428161119,1.421272598,2.169997613,14.660220460,2.217466672,8.331977855,5.916932222,12.043656100,8.457408690,13.078786310,23.744891390,8.251737693,14.156850200,17.608761550,11.605110070,0.472029072,7.571542734,3.788901110,0.706664439,0.520759550,8.806330951,1.045904152,6.415108679,4.202100176
2018-12,1.081026338,2.645913502,0.833208556,4.162561918,1.397780489,1.808331344,12.023952740,2.899764110,8.331977855,6.743319403,11.440036100,11.159775960,14.563576060,26.694193490,8.032276584,15.709580560,17.404395360,11.403719880,0.501166669,7.637420426,3.489313581,1.045863370,0.847337573,8.660771762,1.801279373,6.371763350,4.504651389
2019-01,1.688024870,3.855159394,1.182262111,4.457203419,1.976085874,3.783709004,10.426825930,2.445167127,7.087806620,8.278510105,12.803502170,10.253533550,13.696665010,27.356977390,6.742953396,13.877436420,15.952729660,10.749878690,0.434406300,6.949185729,2.737460006,0.879300267,1.028369009,9.535852286,2.582892185,6.212282823,3.349619337
2019-02,1.969362349,2.834676025,1.278773304,2.971468946,2.510791463,4.256672630,9.028105382,2.091819276,5.682465652,6.285535450,13.915610380,10.776165110,13.456005510,26.817628440,6.612444621,10.939238880,13.179779610,7.042165901,0.399653796,5.555428641,2.440100133,0.600157325,0.536158201,8.240415749,2.123711352,6.112544337,3.714429364
2019-03,1.519222383,2.721288984,1.182262111,4.787366635,2.557287601,3.901949911,9.218840003,1.696069684,5.468609418,6.635948576,14.400375490,11.945864330,14.397716620,31.312203040,7.351994348,12.055350530,13.014441870,7.465193535,0.388069628,5.875557222,2.833664671,0.809514531,0.501000287,9.140024455,1.865422134,6.055550917,4.444049418
2019-04,1.462954888,3.174837148,1.109878717,3.796876986,2.441047256,3.310745379,9.028105382,1.540596629,4.460430028,7.183469086,12.689439790,11.796541030,15.757966010,26.517990130,6.003403669,11.329205600,12.074378740,7.091933858,0.214307108,5.002281297,2.046535596,0.390800119,0.342789670,7.592697480,2.152410154,5.998557497,3.780758460
2019-05,1.350419896,1.360644492,1.230517708,5.942937891,2.220190599,2.601299941,12.016281110,2.035283620,5.865770996,6.964460882,12.632408600,12.767142500,14.544205020,25.649039040,6.612444621,10.502207210,11.998795770,6.295646548,0.196930856,4.867261079,1.810396873,0.307057236,0.210947489,6.117339202,2.812482601,5.799080525,2.885315667
2019-06,1.406687392,2.381127861,0.989239726,2.311142513,2.406175152,2.246577221,10.935451590,3.081193259,7.210010183,6.537394884,11.235144440,11.995638760,14.889499090,21.783704890,6.003403669,8.431349452,11.805114430,6.444950419,0.272227948,4.804106461,1.574258151,0.223314353,0.158210617,4.713949620,2.410699373,4.644963762,3.051138406
2019-07,1.125349913,1.927579697,0.892728533,3.796876986,2.568911636,2.483059034,9.028105382,2.600640182,8.768105603,7.052064163,11.320691230,12.045413200,15.192939340,22.353017670,6.438432920,8.720462710,11.488610760,6.345414505,0.272227948,4.590687407,1.434324093,0.125614324,0.096684266,4.534027879,1.922819738,4.545225276,4.842023993
2019-08,1.519222383,1.927579697,0.747961744,2.971468946,1.743605183,2.719540847,9.854622072,2.855050634,7.759926213,7.314874008,13.145689310,14.583909370,17.118215400,23.821245370,5.698883193,9.641591000,13.264810450,7.365657621,0.249059612,5.141657006,1.827888630,0.153528618,0.079105308,4.929855710,2.382000571,5.428623293,5.339492211
2019-09,1.462954888,3.288224189,0.699706148,3.796876986,1.871469563,3.074263566,10.553982350,2.544104525,8.523698479,7.282022777,12.432799440,13.613307890,18.311049480,22.952294290,6.481935845,12.109139040,14.800089430,8.385900738,0.440198384,6.511458894,2.772443521,0.097700030,0.184579053,7.448760087,2.410699373,5.699342039,5.206834019
2019-10,1.575489879,2.154353779,1.013367524,5.447693067,1.906341666,1.891854502,13.415001660,2.275560159,9.256919853,6.756403088,13.259751690,14.011503370,15.946308240,23.431715580,7.961035300,15.887782100,16.543221580,9.679867617,0.492327139,7.458778164,2.991090486,0.432671560,0.430684457,9.607820982,3.042073018,6.084047627,6.367593196
2019-11,2.081897340,2.948063066,1.061623120,4.622285027,1.627364837,2.128336315,11.126186210,2.713711494,7.118357511,7.161568265,13.373814070,15.031879280,13.571103530,26.308243320,7.526006049,14.032078390,16.873897050,7.664265363,0.457574635,8.081613363,3.393400902,0.795557384,0.676789861,8.852149669,2.468096977,6.839210447,6.168605908
2019-12,1.519222383,2.948063066,0.892728533,3.136550554,1.627364837,2.010095409,9.536731037,2.501702783,6.049076340,6.690700627,13.459360860,13.687969540,13.309517110,26.547953960,7.874029450,12.647024180,17.573039480,8.485436652,0.532871727,7.994503545,3.734490168,0.837428826,0.940474222,9.391914893,2.554193383,6.881955513,6.831896866
2020-01,1.948276054,1.900566816,1.497250051,5.862026899,2.830597377,3.017035809,9.369607759,2.825177192,7.709935761,9.469796953,17.005431270,14.235220810,13.299889850,27.808087200,11.428216570,13.448859570,15.512383470,8.243004765,0.426115367,7.731802919,3.099808628,0.620475527,1.024251743,15.270197060,2.694103034,6.607118256,5.007939056
2020-02,1.502955813,1.676970720,1.354654808,5.545160580,2.542935042,4.061394358,8.992308118,2.094285580,5.698648171,7.031596359,15.166241530,13.863867220,12.114442280,27.539554170,10.263832240,11.982076580,13.798178210,7.800097046,0.310949052,6.113719547,2.552783576,0.730782287,0.595291611,10.180131370,2.580667117,4.751502065,4.582427895
2020-03,1.280295693,1.565172672,0.926869079,3.643962667,2.646493482,3.597235003,9.998440495,1.658561735,4.510160050,6.563548923,12.619671120,12.898347900,11.792083730,25.659822950,9.961954820,10.468410120,14.009518580,8.218398780,0.264882525,6.543624208,2.596198263,0.468803731,0.341417248,12.031064350,2.949333848,5.665252462,4.516964639
2020-04,1.669950903,1.229778528,0.760507962,2.534930551,2.266779200,3.829314680,10.564389960,1.489894440,4.174945451,3.657300892,8.573453701,9.803734678,8.058963746,23.899439750,7.546935470,9.269532694,13.229907420,7.996944921,0.270640841,5.729181710,2.162051396,0.179248486,0.218857210,7.118972988,2.353795282,5.173233018,3.993258594
2020-05,1.447290783,1.006182432,0.570380972,0.792165797,1.910077905,2.436836615,10.878806320,2.262952875,4.784426539,3.679070541,6.819149644,9.308596563,8.204545027,20.259325330,4.786913355,9.832134389,12.891762830,6.766645702,0.190024420,5.744303985,1.623709281,0.193036831,0.175085768,4.840901632,2.126923448,5.454386986,4.222379989
2020-06,1.224630663,1.229778528,0.926869079,1.425898435,1.806519464,2.668916292,9.306724486,2.220786051,4.997744920,4.223311745,5.291207400,9.036270600,10.065905690,22.646285610,5.088790774,8.157724582,14.183287330,8.685912483,0.247607578,6.554425833,1.623709281,0.082730070,0.061280019,6.122316770,1.701538758,5.538733176,4.222379989
2020-07,2.449261325,2.235960960,0.831805584,1.901197913,1.875558425,3.597235003,8.866541571,2.164563620,6.369077368,5.235600385,7.441644632,11.462447360,11.188961280,23.093840660,4.398785245,8.130934025,13.417765530,7.332583343,0.287915789,5.595241565,1.753953341,0.055153380,0.096297172,4.805306767,1.247795089,4.357886509,4.713354406
2020-08,1.057635572,2.235960960,0.522849224,2.218064232,2.128701279,2.784956131,7.734642647,2.614343073,6.033862769,5.017903903,9.111063009,13.789596500,12.769558040,25.421126930,5.304417502,8.479211265,13.497605230,8.169186812,0.339740630,5.707578461,1.944977963,0.110306760,0.122560038,5.659583526,1.729897738,4.709328970,5.007939056
2020-09,1.224630663,1.676970720,0.855571458,3.485529507,1.898571411,4.525553713,9.809790674,2.150508012,6.186233041,5.366218274,10.299462530,12.824077180,13.102315250,26.554933060,5.520044229,10.736315680,14.385234800,12.056932340,0.282157473,7.098827715,3.290833249,0.303343591,0.183840056,8.222413802,0.992564276,4.962367541,5.498913474
2020-10,2.059606114,2.683153152,0.903103205,3.643962667,1.300233754,2.900995970,10.438623410,2.080229972,6.399551422,5.126752144,10.384348210,10.818767810,12.831950020,24.794549850,6.555052522,13.341697350,15.855224520,9.645545874,0.236090947,7.301898258,3.204003876,0.496380422,0.306400094,9.824182724,1.361231007,6.832041431,5.400718590
2020-11,1.280295693,3.018547296,0.451551603,2.693363710,1.380779208,3.133075648,12.010705250,2.558120642,7.466143326,4.734898477,8.799815515,10.645469470,11.573711810,18.319920110,4.786913355,11.854821440,15.916278400,10.113059580,0.305190736,7.893827288,3.368979685,0.716993942,0.367680113,9.503828940,2.013487531,7.464637860,7.299153004
2020-12,1.558620843,2.124162912,0.665444467,2.693363710,1.702961023,2.552876454,8.929424844,1.967785109,5.332959518,4.767552949,6.904035324,10.150331360,9.889128416,24.167972780,8.236940998,10.414829000,14.502646120,9.670151858,0.299432420,6.943284320,3.586053119,0.772147322,0.595291611,8.258008667,1.814974675,5.327867700,5.760766496
2021-01,1.046671639,2.536179147,0.983607709,3.523753932,1.572269003,3.076526897,7.527857740,2.068986149,4.773066528,4.642565726,7.863174032,10.369700770,10.987315180,26.089403450,6.072336062,9.429250724,12.819960170,8.032112874,0.326397875,6.100863785,3.198969708,0.667713842,0.619188026,9.509761242,0.840987723,4.412628499,4.976852787
2021-02,0.936495677,1.654029878,0.983607709,1.378860234,2.176111446,3.304417779,5.723660430,1.663576701,4.104229180,4.501881917,8.087836147,9.630767222,11.855550810,27.218557590,5.858521412,8.087934803,11.292773660,7.691356570,0.200419748,5.372018498,3.061008750,0.517818898,0.479652697,8.629227793,1.093284040,3.968590411,4.168922140
2021-03,0.936495677,1.874567196,1.592507720,2.604513776,1.936853120,4.557817626,7.652285140,1.915210152,3.587400320,3.971612172,6.093959875,10.862323130,12.837483960,27.693990910,4.832211092,9.168995396,11.946614980,7.837394986,0.246229976,5.166226887,3.000650831,0.408804393,0.348838325,9.615425255,1.149349888,4.551390401,4.718314980
2021-04,1.156847601,2.205373171,1.170961559,2.757720468,2.198897953,4.329926744,9.643123551,1.607658157,4.438647854,3.679422720,7.133022158,11.872198980,13.354290890,28.852859630,4.019715421,7.821006262,10.802392670,8.056452610,0.211872305,4.780367618,2.207375324,0.313416701,0.252907785,7.361259628,1.401646205,5.786371333,5.009170013
2021-05,1.597551449,2.536179147,1.311476946,1.838480312,2.552088816,4.671763066,10.514115360,2.642151231,6.597168386,4.783249536,6.852194514,12.512608050,13.178576530,27.931707570,6.072336062,7.934450892,11.876560550,9.589855977,0.188967191,5.091198696,2.060791806,0.122641318,0.122093414,6.304619490,1.289514509,6.424676085,5.300025046
2021-06,1.377199525,1.543761220,1.334896177,1.225653541,2.745774128,3.646254101,8.087781043,3.131438496,8.086851570,4.047364992,7.133022158,11.896830100,12.031265170,26.505407610,4.703922301,7.821006262,11.325465720,9.492497033,0.183240912,4.248739291,1.569305894,0.136268131,0.043604791,4.085675200,1.261481585,4.676276113,4.750632206
2021-07,1.762815392,1.212955244,1.100703865,1.378860234,2.609055085,4.899653948,8.274422144,3.061540315,8.330065151,4.988864335,7.778925739,12.389452460,13.912442360,26.297405530,5.772995552,7.247109898,10.928490640,11.585714330,0.223324862,4.085820932,1.508947975,0.149894944,0.087209581,3.874347173,1.317547433,4.301618977,3.490260396
2021-08,1.322111544,1.543761220,0.983607709,1.532066927,2.415369773,2.620745135,7.776712541,3.341133038,9.667739847,5.162013640,9.604305425,13.965844030,15.328493330,28.169424230,6.756542942,8.174686579,12.591115710,11.171938820,0.355029267,6.017260943,2.405694201,0.177148570,0.095930539,6.515947517,2.438864397,5.009304679,5.558562853
2021-09,1.928079336,1.984835854,0.960188478,2.910927161,2.631841592,3.646254101,8.834345447,3.075519952,8.998902499,5.205300966,10.643367710,14.212155210,15.917653230,27.485988830,6.157861922,10.650448800,14.174345760,12.583643500,0.240503697,6.913311913,3.207592267,0.272536262,0.270349702,10.390294690,2.859358259,6.188780850,5.170756142
2021-10,1.156847601,2.977253781,0.960188478,2.757720468,2.198897953,3.076526897,9.829764652,2.949703226,10.275773800,5.421737597,9.997464126,13.005230420,12.496391400,26.832268020,8.894689443,12.992746750,17.144653470,13.411194530,0.452376002,8.259532032,4.983839598,0.640460216,0.453489822,11.940033560,2.663127790,7.368257021,5.914052338
2021-11,2.038255298,2.205373171,0.843092322,3.523753932,2.392583265,2.734690575,13.251518170,3.285214494,11.643850190,5.140369977,10.250209010,12.290927990,11.979584470,25.911115960,8.424297213,11.985091510,16.841084290,14.165726340,0.377934381,9.014101270,4.164696412,0.545072524,0.723839524,16.025708760,2.102469308,8.506104622,8.014672021
2021-12,0.991583658,2.315641830,0.749415397,1.378860234,2.449549534,2.164963372,7.154575538,2.516334506,8.482073639,5.248588292,8.172084440,11.527363330,11.142357260,25.732828460,6.927594662,11.050841610,14.174345760,11.707413010,0.314945318,7.080517597,3.276572746,0.694967468,0.994189226,14.440748550,1.794107143,6.410799894,5.396976724
2022-01,0.695675931,2.650544928,0.887961350,1.099406792,2.943302269,6.132803823,8.071665807,1.992120352,6.052826502,5.582744748,9.265065344,11.044894860,9.658976319,23.819549490,6.334830163,12.198031540,13.855898360,9.807726819,0.330111651,6.140337723,2.769918510,0.512459264,0.790225825,13.492863470,1.995272025,6.476303037,5.430575417
2022-02,1.201622063,2.168627668,0.964072323,1.570581131,3.386644871,6.541657411,8.203988197,2.080659035,6.327954979,4.934646070,9.446733292,12.931835890,11.138179550,30.405894720,6.877815606,10.069563430,11.494650750,7.512301394,0.205541217,6.622197742,3.206814174,0.617579114,0.569697688,14.834895590,2.268596960,5.569337185,4.117299009
2022-03,1.644324929,3.132462188,1.217775565,2.512929809,3.916192978,6.677941940,8.402471782,2.316762188,5.838837686,6.003440381,11.959806570,14.718140070,12.992703000,32.707918290,9.049757376,10.974692730,14.717632030,9.729473680,0.386168347,7.457571888,3.119435041,0.407339415,0.477810964,14.182015100,2.323261947,7.312412182,5.998478729
2022-04,1.707568195,2.530065613,1.243145890,3.769394714,4.088603989,5.860234764,9.990340466,2.567621788,8.467843136,5.923849315,9.598123249,14.013682080,13.334906730,32.931726140,9.276001310,11.017120660,13.354437530,10.485920700,0.336340173,6.667231389,2.612636071,0.315359547,0.431867602,12.078289080,2.541921895,7.468296938,5.927490815
2022-05,1.454595129,2.650544928,1.649071078,1.413523018,4.692042530,4.906243058,11.512047950,3.216905458,10.791150280,5.912479163,10.355073030,13.938204440,15.630983390,33.187506530,9.004508589,9.963493590,12.468361110,11.033692670,0.367482782,5.687749574,2.070885448,0.118259830,0.128641413,8.451175239,2.733249350,6.433789013,5.111129805
2022-06,2.023784528,1.566231094,1.395367835,1.256464905,3.903877905,3.952251352,10.453468830,3.290687693,10.730010620,6.742500276,8.750339492,14.365911080,16.723827570,34.082737920,10.226225830,9.426073070,11.518993510,12.077067870,0.230455304,5.789075279,1.939816748,0.105119849,0.110264069,7.580667919,3.252566726,5.597679868,3.975323181
2022-07,1.201622063,1.686710409,1.065553620,0.942348678,3.731466894,5.042527587,9.659534490,3.703868211,13.634144540,6.446876318,11.112022820,12.680243750,15.001770080,29.222910380,9.004508589,9.348288521,13.490756980,11.633633410,0.267826434,8.299701080,2.857297643,0.131399811,0.192962120,9.285411422,2.350594441,5.966134745,4.294768794
2022-08,1.834054728,1.204793149,1.420738160,3.141162261,3.780727183,4.224820411,10.453468830,3.453008611,12.900468600,7.197306365,11.505636700,13.460179380,16.635516930,30.917455510,10.316723410,11.080762570,14.717632030,14.424662050,0.305197564,7.471081982,2.761180597,0.144539793,0.165396103,9.140326868,2.487256908,6.447960354,6.992309524
2022-09,1.834054728,1.807189724,1.040183296,1.413523018,3.559055882,2.861975117,10.850436000,2.788968493,11.952803850,6.344544948,12.747034350,14.793617710,16.514089800,30.981400610,10.316723410,12.700095450,16.966902950,13.094358680,0.423539477,9.720512632,4.928183091,0.275939604,0.202150793,10.264732160,2.569254389,7.950122547,8.554043631
2022-10,1.454595129,3.975817392,0.659628431,2.669987922,2.807836475,4.088535882,9.924179270,2.774212046,11.922234020,6.458246470,11.868972600,12.655084540,14.284246120,26.665106410,10.904957640,13.958790880,18.344703110,12.572671080,0.597938085,12.823330890,6.684503660,0.459899340,0.404301585,14.109472820,3.744551609,8.984630472,6.992309524
2022-11,1.707568195,3.734858762,1.090923944,2.041755470,2.832466619,2.044267941,10.784274810,2.670916917,13.389585900,5.787407488,11.475358710,11.397123850,13.114130130,25.034506370,9.502245245,14.312357010,17.784819650,11.085861430,0.373711303,9.842103478,4.840803958,0.735838944,0.597263705,13.384050060,3.908546570,8.644518277,9.583368384
2022-12,1.328108596,3.252941502,1.141664593,2.355871696,2.918672125,3.815966823,9.461050904,2.287249293,10.485451970,5.685076118,9.931181154,12.051263410,13.356984390,30.949428060,11.176450360,14.354784940,16.528733290,14.868096510,0.448453564,9.227394201,5.120417183,1.064338472,0.946433256,11.860662250,3.225234233,6.816415232,8.483055717
2023-01,1.803196707,3.507442794,1.191804955,2.659770964,3.848803278,4.555524028,7.834752762,2.611030443,9.117106068,6.101411900,10.046230440,11.626005210,12.936902760,30.057714590,10.042029890,14.472888170,16.606676880,13.810758830,0.420738135,8.879847804,4.641359169,0.893495240,1.031073293,12.829330320,3.308851391,7.440838738,8.758318679
2023-02,1.622877036,2.572121708,1.045869654,2.807536018,4.480340658,4.945997517,7.187252534,1.653652614,7.161291235,5.702046757,10.016595540,12.832942190,11.861515990,28.545376750,8.709017076,12.182612250,14.738664610,10.131250090,0.348611597,6.844098993,3.558375363,0.459511838,0.714515703,13.889605560,3.308851391,7.385310091,7.585945312
2023-03,1.322344252,2.922865577,1.264772605,2.512005911,4.325435263,5.336471005,6.216002191,1.943767108,7.161291235,6.301094471,10.846372690,14.187667370,13.238011050,34.122122540,9.864294852,11.313411150,15.331077700,10.484079700,0.396695955,8.120867541,4.890617346,0.702031974,0.777827221,15.267963360,4.082695668,7.468603062,7.965242578
2023-04,1.562770480,2.104463216,1.435030455,2.659770964,3.920298076,6.507891469,9.259253264,2.349927399,7.823259332,7.521376851,10.905642480,14.901977010,13.119718510,31.507038360,8.220245710,10.768435860,12.435897560,7.938666118,0.264463970,6.432523689,3.059859008,0.612682450,0.416047118,11.557000040,3.522325674,7.288134958,6.896313920
2023-05,1.743090150,1.987548593,1.264772605,3.694126339,4.277772065,2.993630076,9.647753401,2.959167836,8.545406348,8.131518041,10.164770030,14.606400610,13.485350010,32.011150970,12.041549120,10.464905320,12.636553610,10.080845860,0.276485060,7.749122105,3.154405213,0.357398096,0.262290575,11.733712580,4.616381376,7.857303593,7.137684907
2023-06,2.043622935,1.753719346,1.483675556,2.068710750,4.277772065,1.952367441,10.489503700,3.060707908,10.681757930,7.177479090,11.024182080,14.236930100,12.721825400,32.042658010,10.042029890,10.671857960,12.478895280,10.408473350,0.342601052,5.912522634,2.638698639,0.242520137,0.090445026,7.315899110,3.415588533,7.982243049,8.206613565
2023-07,2.043622935,2.221377839,1.556643206,2.364240857,4.456509059,2.342840929,9.906753492,3.031696459,12.216320340,7.443722518,10.312944520,17.389745080,16.152309180,34.153629580,10.930705110,11.423785900,14.991873430,10.786505070,0.372653776,9.065720521,3.240356309,0.153170613,0.226112564,11.839740110,2.908587110,8.551411684,7.654908451
2023-08,1.682983593,2.338292462,1.118837304,3.841891393,4.289687864,5.857102322,7.770002739,2.683559067,13.389809240,6.844674804,10.876007590,16.749329530,15.539338720,30.530320170,12.352585450,13.700264970,15.976043580,11.920600230,0.372653776,9.598998199,3.979535732,0.191463266,0.271335077,13.218097910,3.602378530,9.481516526,8.965208096
2023-09,2.223942605,1.753719346,0.826966703,3.546361286,2.835960310,4.165050540,9.388753310,2.422456022,12.035783590,6.711553090,11.172356570,14.064510540,15.087676280,27.978250060,11.064006390,14.838504510,18.904666400,15.146470910,0.456801403,11.853811280,5.896245166,0.370162314,0.407002616,17.989336460,4.029327097,10.772557580,8.275576704
2023-10,1.442557366,4.910414170,0.997224554,2.364240857,2.418907324,3.123787905,12.626254450,2.669053342,11.012741980,6.999983471,14.284020860,15.887231690,13.775704430,29.553601980,9.819861091,15.804283510,18.293143200,12.122217150,0.528927941,11.504193550,5.887650057,1.008373199,0.596937170,20.392626990,4.563012805,11.605487290,10.654805010
2023-11,1.502663923,2.572121708,0.924256904,2.512005911,2.132928133,2.993630076,10.295253630,3.133236532,12.517214930,6.778113947,11.646514940,14.433981040,14.076812730,32.452249510,10.086463650,16.977015150,19.339421170,11.492164280,0.528927941,12.862834610,6.704185466,1.455120819,0.985850780,19.332351750,3.549009960,8.218239800,9.861728906
2023-12,1.081918024,1.402975477,0.875611803,2.807536018,2.025685936,2.212683100,11.072253900,2.727076241,10.019789840,6.167972757,10.164770030,15.246816150,11.474376760,31.759094660,11.375042710,13.362242320,14.413792910,7.333815366,0.360632687,8.893124427,5.414919030,1.378535513,1.456164914,19.791804360,3.122061393,7.079902531,8.827281818
2024-01,1.317125437,2.498208671,1.284683836,2.511185238,2.781526876,4.484098267,9.192679837,2.909729909,12.797550450,7.223574281,12.797182650,16.767027580,12.894394180,34.874650010,13.443459120,14.437211700,14.632299460,9.190349694,0.458777426,7.526124898,4.803518747,1.166478727,1.389146757,19.194354030,2.502346602,8.788538114,8.917741545
2024-02,1.374391760,2.725318550,0.981031293,2.511185238,2.746902060,4.733214837,8.114917374,2.210824195,9.420419084,6.238049154,12.681108430,13.582498600,12.202499860,34.719375520,12.701450020,12.868242330,13.492668440,8.629665230,0.470392044,7.432592132,4.921915335,0.905882416,0.961716985,17.092279360,3.388594356,7.169596882,7.610253123
2024-03,2.519718227,2.157543852,1.121178620,3.069226401,3.358607141,4.608656552,9.636464381,2.467565070,9.361171165,7.169424549,12.129755890,18.335166850,14.058034630,36.520559580,13.225221150,15.016316270,13.858475930,8.264001449,0.429740880,7.656635734,5.192536110,0.608058060,0.614430296,18.160546820,3.518924908,7.659360616,6.839170208
2024-04,1.374391760,2.384653731,0.794168189,3.487757274,2.989275771,4.733214837,8.114917374,2.168034050,9.568538881,6.303028833,10.185512720,16.091521430,12.862944440,35.992626330,12.963335580,11.238668990,12.493732620,7.922715253,0.301980078,6.284096772,3.805604641,0.521192623,0.596620722,14.128698660,3.466792688,7.278433268,7.409101058
2024-05,1.374391760,3.179538308,0.910957629,3.487757274,3.231649482,4.982331407,12.362569440,3.166470783,13.360405680,6.194729368,11.375273460,15.705517920,13.397590050,33.321905130,10.824603450,11.050123320,12.967406410,8.995329011,0.319402005,6.308023758,3.078311309,0.434327186,0.293857968,11.509720370,3.258263804,7.373665105,10.661059440
2024-06,1.259859113,2.043988912,0.934315517,1.953144074,3.577897641,3.736748555,9.636464381,3.380421511,12.827174410,5.393313331,10.881958030,13.268870750,12.537963770,31.738105350,10.824603450,10.356544590,12.081026730,8.970951425,0.406511643,5.583688616,2.917630225,0.148912178,0.240429246,10.234691470,3.414660467,5.877164807,8.213709318
2024-07,1.660723377,2.611763610,1.074462844,2.092654365,4.258852354,4.608656552,9.192679837,3.023836964,14.871227610,6.638757173,11.172143580,15.657267480,13.963685400,32.545532690,10.431775100,11.784104700,13.464529410,11.189311700,0.278750841,5.533659463,2.384845575,0.124093482,0.213714886,6.995428849,2.319883829,6.162860318,7.543202435
2024-08,1.832522347,2.725318550,1.074462844,1.813633783,3.427856772,4.733214837,7.544337246,2.995310200,13.745517150,6.898675887,12.477978540,17.370158070,14.362048800,32.203928820,10.562717880,12.720099300,14.022620320,10.067942770,0.447162807,5.818608122,3.636466657,0.273005660,0.258238820,7.615713181,1.850693841,6.870296823,10.359331340
2024-09,1.088060143,2.043988912,0.817526077,3.069226401,2.585319586,3.363073700,10.460635680,2.524618597,11.997703550,6.368008511,12.448959990,15.150637870,14.320115810,30.216415370,9.384232830,12.955781390,14.557262030,11.238066870,0.452970116,7.537000801,5.040311924,0.397099141,0.409620197,10.820515560,3.336462135,6.584601311,9.320045675
2024-10,2.233386610,3.520203127,0.630662974,4.324819020,1.869740058,2.864840559,13.884116440,2.866939763,12.797550450,7.245234174,12.100737330,16.212147530,14.246733080,30.247470270,10.257184720,17.083584920,17.741663090,12.651966820,0.435548189,8.963919279,4.955742932,0.670104801,0.623335083,15.334807080,4.170577669,9.346324588,13.711865760
2024-11,1.717989700,4.315087704,0.560589310,3.348246983,1.765865610,1.868374278,12.616160600,2.824149617,11.168232690,6.530457708,12.274848660,13.268870750,12.758111960,29.005274360,11.304726990,15.649291040,19.908368980,12.481323720,0.528465136,11.567610460,7.188364322,1.327800253,1.032955281,20.676144380,3.701387682,9.577601907,15.991589160
2024-12,1.660723377,3.179538308,0.910957629,3.069226401,2.146738585,2.242049133,9.763259965,2.809886235,10.427633700,5.696551832,11.665459010,12.448613280,11.500122290,34.750430420,11.479317370,16.363071090,18.234096250,13.188273700,0.418126261,9.172736617,5.953657038,1.489121779,1.282289314,19.573416680,2.606611043,7.972265224,11.096888920
2025-01,2.169011673,2.600715536,0.833021722,2.842554943,2.536965073,3.595708460,8.318319397,3.505166773,11.759328500,7.843487575,13.805135160,16.520717650,13.313104670,35.642787240,13.568609540,15.231081740,17.280997480,11.703830570,0.627048540,9.112057057,5.895454336,1.148157653,1.344222066,27.695801620,1.900525958,9.469762026,11.311692520
2025-02,1.598219127,2.487640947,1.018137660,3.248634220,2.904308433,3.347728566,8.003231541,2.593253466,10.754762750,6.807758817,13.226303500,16.280590940,15.028225770,36.543171240,13.394653010,13.556671430,16.280690890,9.377603375,0.394808340,8.962323326,6.172986423,1.160372096,1.290809269,25.302337290,1.618015342,9.065647004,11.378428170
2025-03,1.426981364,2.148417182,1.342090551,4.602231812,3.604556711,4.711617982,10.712987100,2.906723665,9.632012792,7.929798305,14.962798490,18.009503250,15.341967430,42.318047920,14.960261800,15.136938180,16.804215830,9.813770974,0.447062385,9.263960842,5.887044272,0.769509916,0.827898359,24.379143900,2.362816056,9.429350524,13.180290690
2025-04,1.769456891,3.731461421,1.758601412,2.165756147,3.168336472,3.471718513,10.397899250,2.878226374,10.725216700,6.322260961,11.258275850,18.801921400,15.436089930,41.479759370,12.350913820,13.011983730,14.789579670,10.201475510,0.423838365,6.711977251,4.465743584,0.549649940,0.667659967,15.557518200,2.208719356,6.519722362,10.544232560
2025-05,1.084505836,2.261491770,1.411509028,2.030396388,3.925982150,4.215658194,15.376287370,3.248691155,11.966150860,5.793607741,11.258275850,15.560210810,15.906702430,41.231377580,12.959761680,11.169459940,14.331495340,13.181954100,0.412226355,7.323932500,4.406873141,0.415291066,0.525225840,14.839478890,2.927837286,6.250312347,10.677703850
2025-06,1.883615400,1.243820474,1.318951059,1.218237833,3.019103232,1.363889416,12.099373670,2.393772430,12.527525840,3.668206019,11.981815420,14.863843350,13.020279110,33.221064760,10.089478890,10.786161190,13.391955040,12.333850430,0.290300250,5.815744918,2.632349796,0.183216647,0.204749056,9.471280309,2.825106153,5.563316809,10.711071680
2025-07,2.853962727,1.469969651,1.504066997,2.707195183,4.006338510,5.951517451,12.099373668,4.474074661,15.925321764,8.339774272,13.515719331,19.426250844,19.127783529,43.032145572,12.655337747,13.005259195,15.359847909,14.417762295,0.418032360,7.558298340,4.179801433,0.219859976,0.275966120,13.300823249,3.467175734,6.991189888,10.610968204
2025-08,1.997773909,2.374566359,1.272672075,4.060792775,3.937461630,4.339648141,11.280145243,4.032366653,14.654841549,9.116570840,14.731265824,20.098605632,18.866332141,37.102030273,12.872783413,15.352123445,17.449273354,14.199678496,0.528346455,9.014404624,4.718045481,0.109929988,0.213651189,13.369207945,4.032196964,7.004660389,14.014486307
2025-09,1.255743600,3.053013890,0.902440198,4.466872053,3.237213352,3.719698407,13.611795377,4.089361235,14.123012622,9.073415475,14.615499491,19.978542277,19.483357416,36.232693999,11.524620286,15.379021602,18.356093347,15.047782160,0.539958465,10.542122692,6.467338636,0.329789964,0.347183183,18.258713663,4.597218195,7.934124941,14.748578447
2025-10,1.598219127,4.183759775,0.994998167,2.977914702,3.317569711,3.347728566,16.321550938,4.217599043,13.384361334,9.634435219,16.930826143,18.753896056,18.855874086,37.598793858,12.220446416,18.357992556,19.982760137,17.058999422,0.650272560,11.405804213,7.972739957,0.818367689,0.801191960,18.600637140,4.057879748,7.691655927,15.883084482
2025-11,2.283170182,4.522983541,0.971858675,3.383993979,2.628800913,3.719698407,12.099373668,4.616561115,14.034374467,9.310769982,15.136447988,14.863843353,15.948534654,32.662205730,10.828794155,18.505932422,21.029810024,15.435486693,0.667690575,13.421784448,8.527804132,1.404660958,1.166179408,22.737911210,4.468804279,8.877059993,18.051993077
2025-12,1.655298382,3.618386833,1.619764458,4.060792775,2.766554673,3.843688354,11.973338526,4.032366653,14.004828416,9.256825776,12.879004502,16.976958401,15.341967434,33.655732900,10.959261555,18.505932422,20.422147143,15.023550627,0.580600500,13.046365093,7.964329894,1.526805389,1.504460458,20.823139740,3.236030685,9.065647004,17.351268761
2026-01,2.054853164,3.957610598,1.666043443,2.977914702,4.006338510,3.843688354,12.036356097,4.944279960,15.304854682,10.098355392,15.107506405,18.153579281,15.666167155,41.200329851,14.742816139,16.737378561,17.094024285,11.364589103,0.528346455,10.121132201,6.770100913,1.600092048,1.646894584,24.003028074,3.826734699,10.345344575,14.948785395
2026-02,1.255743600,2.939939302,1.573485474,1.895036628,4.396640829,4.711617982,8.066249112,2.749988565,11.936604810,8.490818049,16.959767726,18.921984753,15.645251044,36.884696204,14.046990008,13.866000238,15.261686982,9.716844841,0.389002335,9.465775871,6.408468194,0.928297677,1.157277276,20.959909130,3.313079034,8.796236989,11.878945537
2026-03,1.769456891,2.713790125,1.966856842,1.759676869,4.281846029,4.463638088,10.712987102,3.519415418,12.172973222,6.386994009,16.872942977,23.052164166,19.054577141,45.484915774,16.482381465,16.508744221,16.911725421,10.879958438,0.510928440,9.441905276,6.854201546,1.123728767,0.997038884,18.805791226,4.134928097,9.927759052,13.847647185
2026-04,1.997773909,3.053013890,1.504066997,3.519353738,4.281846029,6.447477239,13.170672379,3.163199283,10.547940389,5.286532203,15.425863819,21.707454590,18.040145756,43.746243225,14.960261805,13.946694711,16.495710064,12.067303568,0.447062385,9.350763005,5.441310920,0.806153246,0.952528219,13.779516117,3.980831398,10.331874074,14.147957606
2026-05,1.541139873,1.809193416,1.249532582,2.301115906,4.121133309,4.091668248,16.888709079,3.391177609,15.629861249,5.297321044,15.425863819,23.988658335,17.851900757,41.262425299,12.698826881,13.496150571,16.752798206,12.939638766,0.371584320,8.406789483,3.818168714,0.403076623,0.516323708,7.795855272,3.544224083,10.628225090,14.181325430
